player_id,num_unique_connections,total_interactions,interaction_entropy,degree_centrality,betweenness_centrality,closeness_centrality,pagerank_score,cheater_neighbors,cheater_ratio
1001,59,83,2.173019777507861,60,0.036137615709335,0.3588929219600726,0.0094276181093456,0,0.0
1001,0,0,0.0,28,0.0095351114589461,0.3927507447864945,0.0038762846556344,0,0.0
1002,0,0,0.0,38,0.0177908029141127,0.4479048697621744,0.0051970778000119,0,0.0
1002,59,86,2.1771867987791977,60,0.0386302424491168,0.3588929219600726,0.0095770761274366,0,0.0
1003,56,82,2.18025978573945,57,0.025787618317037,0.3579185520361991,0.0083198885972475,0,0.0
1003,0,0,0.0,40,0.0203742300718866,0.4647473560517038,0.0054842808584669,0,0.0
1004,54,78,2.124913717816725,55,0.0250042190151869,0.3572719060523938,0.0080722563186433,0,0.0
1004,0,0,0.0,35,0.0152927840829645,0.4336622807017544,0.0048106468850199,0,0.0
1005,60,101,2.179803964210614,61,0.0331040255659055,0.3592188919164396,0.0093589112518577,0,0.0
1005,0,0,0.0,38,0.0182865236927992,0.448921679909194,0.0052134812387238,0,0.0
1006,0,0,0.0,37,0.0165633157542517,0.4409141583054626,0.0050624979559975,0,0.0
1006,70,106,2.162744447843905,71,0.0464309222196618,0.3625114573785518,0.0113095232405597,0,0.0
1007,0,0,0.0,37,0.0165418856914746,0.4394444444444444,0.0050645304187764,0,0.0
1007,66,102,2.137790230917396,67,0.0413136428216762,0.3611872146118721,0.0104966035772923,0,0.0
1008,68,109,2.138325205368844,69,0.0503387259565657,0.3618481244281793,0.0114845962709091,0,0.0
1008,0,0,0.0,35,0.014584483405666,0.4257265877287405,0.0047862328896594,0,0.0
1009,59,79,2.1403411600415243,60,0.0340536817836433,0.3588929219600726,0.0093041575405093,0,0.0
1009,0,0,0.0,33,0.0136063461670186,0.4234475374732334,0.0045479461785026,0,0.0
1010,52,88,2.1566680908914204,53,0.0265278200099854,0.3566275924256086,0.0079548844269712,0,0.0
1010,0,0,0.0,41,0.0210257452046566,0.4636576787807737,0.0056011471599827,0,0.0
1011,52,87,2.148808035345373,53,0.0173663041534133,0.3566275924256086,0.0072956231342348,0,0.0
1011,0,0,0.0,35,0.0142097285875239,0.428030303030303,0.0047843623747296,0,0.0
1012,0,0,0.0,36,0.0144684104351557,0.4308278867102396,0.0048906268810904,0,0.0
1012,53,69,2.176193174900441,54,0.026408858628083,0.3569494584837545,0.0080298119473203,0,0.0
1013,49,86,2.157397566253492,50,0.0297012981812625,0.3556654676258993,0.0079349273583598,0,0.0
1013,0,0,0.0,32,0.0122545911310572,0.4150052465897166,0.0044037453181119,0,0.0
1014,53,79,2.165568895075834,54,0.0255166101419744,0.3569494584837545,0.0079813287266937,0,0.0
1014,0,0,0.0,40,0.0207263082797297,0.4663915094339622,0.0054926225723211,0,0.0
1015,0,0,0.0,36,0.0165260355070354,0.4404231625835189,0.0049518484868851,0,0.0
1015,66,91,2.170850400740622,67,0.0458401616730081,0.3611872146118721,0.0109762913360006,0,0.0
1016,0,0,0.0,37,0.0168991803397661,0.4409141583054626,0.005064703016063,0,0.0
1016,57,78,2.094505978854287,58,0.037550918720381,0.3582427536231884,0.0093550799420014,0,0.0
1017,0,0,0.0,36,0.0154093988606041,0.4346153846153846,0.0049220883480978,0,0.0
1017,61,83,2.1258038442760925,62,0.0404211186866188,0.3595454545454545,0.0100444978049643,0,0.0
1018,50,83,2.127290402185867,51,0.0221700245373964,0.355985598559856,0.0074020770534595,0,0.0
1018,0,0,0.0,39,0.0197087420538969,0.4556451612903225,0.0053543435685234,0,0.0
1019,0,0,0.0,42,0.0225308273982538,0.474220623501199,0.0057420221482701,0,0.0
1019,64,100,2.1466520038920267,65,0.0390023910545441,0.3605287146763901,0.0101604743492901,0,0.0
1020,0,0,0.0,39,0.0180830072606133,0.4473981900452489,0.005310480143454,0,0.0
1020,65,92,2.160884751065906,66,0.0500539357451351,0.3608576642335766,0.0112794476613735,0,0.0
1021,0,0,0.0,33,0.0136446060234662,0.4207446808510638,0.0045483620313095,0,0.0
1021,46,74,2.169902023626349,47,0.0192962370780011,0.3547085201793722,0.0068296318203723,0,0.0
1022,0,0,0.0,36,0.0168710329613547,0.4409141583054626,0.0049570217053641,0,0.0
1022,57,96,2.1379866872472304,58,0.0343406269307551,0.3582427536231884,0.0090587945311916,0,0.0
1023,0,0,0.0,30,0.0108110404962747,0.4056410256410256,0.0041387368576802,0,0.0
1023,54,89,2.148875359509285,55,0.0306793294439632,0.3572719060523938,0.0084397063105361,0,0.0
1024,55,88,2.126434164619803,56,0.0284044961725126,0.3575949367088608,0.0084071795822275,0,0.0
1024,0,0,0.0,38,0.0174016206456925,0.4443820224719101,0.0051828338518817,0,0.0
1025,68,92,2.136984225866594,69,0.0474919949252664,0.3618481244281793,0.0113147694203597,0,0.0
1025,0,0,0.0,29,0.0106815373952029,0.4031600407747197,0.0040284043939977,0,0.0
1026,61,97,2.1792250852025488,62,0.04859808794271,0.3595454545454545,0.0108113645322071,0,0.0
1026,0,0,0.0,35,0.0150520785498483,0.4284940411700975,0.0048005119979493,0,0.0
1027,0,0,0.0,32,0.0123814760208097,0.4154411764705882,0.0043983067860949,0,0.0
1027,63,94,2.179837856422033,64,0.0352398899704997,0.3602003642987249,0.0097264097977238,0,0.0
1028,0,0,0.0,36,0.0155790149399844,0.4327133479212254,0.0049303428971075,0,0.0
1028,61,89,2.1368476175854902,62,0.0438977026463064,0.3595454545454545,0.0103206642129535,0,0.0
1029,56,81,2.159186545221283,57,0.0271498901500027,0.3579185520361991,0.0084136873207294,0,0.0
1029,0,0,0.0,36,0.0163919558754305,0.437984496124031,0.0049485905335521,0,0.0
1030,54,87,2.1375914499887667,55,0.0289966806709404,0.3572719060523938,0.0083079493622881,0,0.0
1030,0,0,0.0,37,0.0163783264135303,0.4394444444444444,0.0050538500946819,0,0.0
1031,75,99,2.127632112386168,76,0.0584435461274415,0.3641804788213628,0.0128496397931163,0,0.0
1031,0,0,0.0,36,0.014921190573365,0.428030303030303,0.0049075003376173,0,0.0
1032,0,0,0.0,41,0.0211462550659854,0.4663915094339622,0.005609719249606,0,0.0
1032,53,83,2.181272903108067,54,0.03089015050674,0.3569494584837545,0.0084353085091804,0,0.0
1033,0,0,0.0,35,0.0148198732691597,0.4303590859630032,0.0048021498506175,0,0.0
1033,64,100,2.169110624664878,65,0.0371684889058771,0.3605287146763901,0.0099784164953502,0,0.0
1034,0,0,0.0,39,0.0202806812130121,0.460955710955711,0.0053716710239936,0,0.0
1034,61,102,2.1094436022438163,62,0.0260156394204293,0.3595454545454545,0.0088229076812613,0,0.0
1035,0,0,0.0,33,0.0139401998685771,0.422542735042735,0.0045560587245006,0,0.0
1035,62,91,2.1656182736558343,63,0.0424375014042321,0.3598726114649681,0.0102108226999065,0,0.0
1036,61,77,2.168803771076099,62,0.0337245524465218,0.3595454545454545,0.0093891559306482,0,0.0
1036,0,0,0.0,34,0.0139088124799943,0.424812030075188,0.004667367728002,0,0.0
1037,61,92,2.162655140535901,62,0.0294252237453608,0.3595454545454545,0.0090908573496032,0,0.0
1037,0,0,0.0,36,0.0177847682068296,0.4499431171786121,0.0049920281979227,0,0.0
1038,60,82,2.143796234256423,61,0.0434069774408413,0.3592188919164396,0.0101482961376146,0,0.0
1038,0,0,0.0,37,0.0169289287082222,0.4423937360178971,0.0050724778284925,0,0.0
1039,0,0,0.0,35,0.0140003440021977,0.4185185185185185,0.0047743544487142,0,0.0
1039,57,77,2.158060789454051,58,0.0348879895326987,0.3582427536231884,0.0091306872725911,0,0.0
1040,48,77,2.142772813632138,49,0.0147350875729088,0.3553459119496855,0.0067121526237543,0,0.0
1040,0,0,0.0,39,0.0201727022225367,0.4582850521436848,0.0053663364628216,0,0.0
1041,56,87,2.139630733279953,57,0.0371103417235243,0.3579185520361991,0.009233901509851,0,0.0
1041,0,0,0.0,34,0.0147813288627312,0.4294245385450597,0.0046841297895819,0,0.0
1042,55,81,2.148205155018231,56,0.0324534328583334,0.3575949367088608,0.0087545860132742,0,0.0
1042,0,0,0.0,37,0.0159329844082356,0.4370165745856353,0.0050405760764939,0,0.0
1043,0,0,0.0,37,0.0185548324368563,0.452,0.0051195534517071,0,0.0
1043,59,97,2.1836572981392868,60,0.0344641806387341,0.3588929219600726,0.0092969104752536,0,0.0
1044,0,0,0.0,34,0.0143683343256435,0.4266450916936354,0.0046776192713026,0,0.0
1044,63,108,2.1590106401633684,64,0.0386993881540874,0.3602003642987249,0.0100147943554799,0,0.0
1045,0,0,0.0,30,0.0109914226401585,0.4039836567926455,0.0041524211336617,0,0.0
1045,64,91,2.1698492666023714,65,0.0451401559934124,0.3605287146763901,0.0107140407002386,0,0.0
1046,0,0,0.0,33,0.0136033696031684,0.424812030075188,0.0045493113216786,0,0.0
1046,54,89,2.149406322940685,55,0.0291172853191181,0.3572719060523938,0.0084219872235003,0,0.0
1047,0,0,0.0,39,0.0203823362636055,0.4604190919674039,0.0053734124318571,0,0.0
1047,55,90,2.136694534492426,56,0.0254936447141358,0.3575949367088608,0.0082348678052664,0,0.0
1048,0,0,0.0,37,0.0174697013057001,0.4428891377379619,0.0050822624695967,0,0.0
1048,57,81,2.167228978416288,58,0.0349909500210088,0.3582427536231884,0.0091897129857549,0,0.0
1049,0,0,0.0,40,0.0195506941243774,0.4593495934959349,0.0054610011430832,0,0.0
1049,60,81,2.1810109580317083,61,0.0326632375376625,0.3592188919164396,0.0092483369223854,0,0.0
1050,0,0,0.0,35,0.0143233619289389,0.4261853448275862,0.004783314708268,0,0.0
1050,57,83,2.1787420635625807,58,0.0343690268055432,0.3582427536231884,0.0091412629788732,0,0.0
team_1,0,0,0.0,1,0.0,0.2643716577540106,0.0003309066448501,0,0.0
team_10,0,0,0.0,1,0.0,0.2641950567802271,0.000325171206104,0,0.0
team_100,0,0,0.0,1,0.0,0.2645484949832776,0.0003309889380784,0,0.0
team_101,0,0,0.0,1,0.0,0.2638425617078052,0.0003233077572016,0,0.0
team_102,0,0,0.0,4,0.0001945965597058,0.2802976612331679,0.000736374736736,0,0.0
team_103,0,0,0.0,1,0.0,0.2650804289544236,0.0003199829459045,0,0.0
team_104,0,0,0.0,3,9.645709279006556e-05,0.2754178272980501,0.0006024333691949,0,0.0
team_105,0,0,0.0,2,2.5008005855197486e-05,0.2705198358413133,0.0004561750758729,0,0.0
team_106,0,0,0.0,2,1.8180029706107232e-05,0.2703349282296651,0.0004482640254931,0,0.0
team_107,0,0,0.0,1,0.0,0.2670492910195813,0.0003332090375989,0,0.0
team_108,0,0,0.0,2,2.167478298044088e-05,0.2695978186775732,0.0004499849626497,0,0.0
team_109,0,0,0.0,1,0.0,0.2650804289544236,0.0003223637024561,0,0.0
team_11,0,0,0.0,2,4.1646331095834574e-05,0.2718213058419244,0.0004706860442271,0,0.0
team_110,0,0,0.0,1,0.0,0.2638425617078052,0.0003233077572016,0,0.0
team_111,0,0,0.0,2,3.3014771669450344e-05,0.2714481811942347,0.0004615135671074,0,0.0
team_112,0,0,0.0,1,0.0,0.2638425617078052,0.0003234627460006,0,0.0
team_113,0,0,0.0,1,0.0,0.2645484949832776,0.0003141286826938,0,0.0
team_114,0,0,0.0,1,0.0,0.2650804289544236,0.0003296026470454,0,0.0
team_115,0,0,0.0,1,0.0,0.2622679045092838,0.0003059312615815,0,0.0
team_116,0,0,0.0,2,8.944765632670071e-06,0.2670492910195813,0.0004344288642065,0,0.0
team_117,0,0,0.0,1,0.0,0.2645484949832776,0.0003272027857108,0,0.0
team_118,0,0,0.0,1,0.0,0.2643716577540106,0.000318366229556,0,0.0
team_119,0,0,0.0,1,0.0,0.2638425617078052,0.0003222541566811,0,0.0
team_12,0,0,0.0,1,0.0,0.2633155792276964,0.0003199277857645,0,0.0
team_120,0,0,0.0,1,0.0,0.2647255689424364,0.0003272610291387,0,0.0
team_121,0,0,0.0,3,9.893595678282846e-05,0.2763801537386443,0.0006011832169999,0,0.0
team_122,0,0,0.0,2,2.528565112806068e-05,0.2694141689373297,0.0004564468767021,0,0.0
team_123,0,0,0.0,2,2.00807130463334e-05,0.2692307692307692,0.0004491967938255,0,0.0
team_124,0,0,0.0,1,0.0,0.2652582159624413,0.0003347615747861,0,0.0
team_125,0,0,0.0,2,5.022507568258328e-05,0.2718213058419244,0.0004793112798495,0,0.0
team_126,0,0,0.0,1,0.0,0.2652582159624413,0.0003347615747861,0,0.0
team_127,0,0,0.0,1,0.0,0.2654362416107382,0.0003226618272444,0,0.0
team_128,0,0,0.0,1,0.0,0.2638425617078052,0.0003265962704602,0,0.0
team_129,0,0,0.0,3,6.703960761840347e-05,0.2737024221453287,0.0005859075124332,0,0.0
team_13,0,0,0.0,3,5.7606073235730655e-05,0.2740817740817741,0.0005762979414746,0,0.0
team_130,0,0,0.0,1,0.0,0.2650804289544236,0.0003296026470454,0,0.0
team_131,0,0,0.0,1,0.0,0.2626162018592297,0.0003128639118563,0,0.0
team_132,0,0,0.0,3,8.91390374572257e-05,0.2759944173063503,0.0005950326230575,0,0.0
team_133,0,0,0.0,1,0.0,0.2638425617078052,0.0003222541566811,0,0.0
team_134,0,0,0.0,3,7.801908382185377e-05,0.2758019525801952,0.0005853980757264,0,0.0
team_135,0,0,0.0,1,0.0,0.2643716577540106,0.000318366229556,0,0.0
team_136,0,0,0.0,4,0.0001704909805411,0.2799009200283086,0.0007247704539841,0,0.0
team_137,0,0,0.0,1,0.0,0.2670492910195813,0.0003332090375989,0,0.0
team_138,0,0,0.0,1,0.0,0.2631403858948769,0.000315891149025,0,0.0
team_139,0,0,0.0,1,0.0,0.2645484949832776,0.0003104551791762,0,0.0
team_14,0,0,0.0,3,6.629339005410461e-05,0.2735131396957123,0.0005853567893684,0,0.0
team_140,0,0,0.0,1,0.0,0.2633155792276964,0.0003142490131626,0,0.0
team_141,0,0,0.0,1,0.0,0.2619205298013245,0.0003130105789934,0,0.0
team_142,0,0,0.0,1,0.0,0.2641950567802271,0.000325171206104,0,0.0
team_143,0,0,0.0,3,8.408651432787297e-05,0.2761871508379888,0.0005890955566591,0,0.0
team_144,0,0,0.0,1,0.0,0.2645484949832776,0.0003182182600146,0,0.0
team_145,0,0,0.0,1,0.0,0.2647255689424364,0.0003272610291387,0,0.0
team_146,0,0,0.0,1,0.0,0.2636666666666666,0.0003271944922526,0,0.0
team_147,0,0,0.0,1,0.0,0.2638425617078052,0.0003265962704602,0,0.0
team_148,0,0,0.0,1,0.0,0.2636666666666666,0.0003149632280289,0,0.0
team_149,0,0,0.0,4,0.0001576219398337,0.2799009200283086,0.0007220749554833,0,0.0
team_15,0,0,0.0,2,2.5658545757107e-05,0.2707049965776865,0.0004596166485548,0,0.0
team_150,0,0,0.0,3,7.554570998023569e-05,0.2744621790423317,0.000590157132756,0,0.0
team_151,0,0,0.0,1,0.0,0.2645484949832776,0.0003141286826938,0,0.0
team_152,0,0,0.0,2,3.17125626184093e-05,0.2725706409372846,0.0004637221175979,0,0.0
team_153,0,0,0.0,2,3.7961723458065344e-05,0.2718213058419244,0.0004678725838913,0,0.0
team_154,0,0,0.0,1,0.0,0.2645484949832776,0.000337716281165,0,0.0
team_155,0,0,0.0,1,0.0,0.2636666666666666,0.0003271944922526,0,0.0
team_156,0,0,0.0,2,2.0379626113106883e-05,0.2695978186775732,0.0004485582967591,0,0.0
team_157,0,0,0.0,1,0.0,0.2641950567802271,0.0003230538841811,0,0.0
team_158,0,0,0.0,1,0.0,0.2657930107526882,0.0003288808016509,0,0.0
team_159,0,0,0.0,3,0.0001113209121531,0.2765734265734266,0.000604370380949,0,0.0
team_16,0,0,0.0,2,1.885938611104524e-05,0.2707049965776865,0.0004473965705443,0,0.0
team_160,0,0,0.0,1,0.0,0.2633155792276964,0.0003199277857645,0,0.0
team_161,0,0,0.0,3,8.895507058536213e-05,0.2767669699090272,0.0005939262261257,0,0.0
team_162,0,0,0.0,2,4.434504091913087e-05,0.2714481811942347,0.0004734935478751,0,0.0
team_163,0,0,0.0,1,0.0,0.2643716577540106,0.0003309066448501,0,0.0
team_164,0,0,0.0,2,3.9572402409668745e-05,0.2718213058419244,0.0004674697367902,0,0.0
team_165,0,0,0.0,1,0.0,0.2643716577540106,0.000318366229556,0,0.0
team_166,0,0,0.0,1,0.0,0.2647255689424364,0.0003272610291387,0,0.0
team_167,0,0,0.0,1,0.0,0.2638425617078052,0.0003241727892049,0,0.0
team_168,0,0,0.0,3,4.309907367950837e-05,0.2733241188666206,0.0005642312654653,0,0.0
team_169,0,0,0.0,1,0.0,0.2624419376244193,0.0003243897260575,0,0.0
team_17,0,0,0.0,2,5.245920546280015e-06,0.2665094339622642,0.0004230385598341,0,0.0
team_170,0,0,0.0,1,0.0,0.2649028801071668,0.0003186748410914,0,0.0
team_171,0,0,0.0,1,0.0,0.2645484949832776,0.0003182182600146,0,0.0
team_172,0,0,0.0,1,0.0,0.2654362416107382,0.0003226618272444,0,0.0
team_173,0,0,0.0,3,8.673189014618581e-05,0.2767669699090272,0.0005928429611785,0,0.0
team_174,0,0,0.0,1,0.0,0.2645484949832776,0.0003309889380784,0,0.0
team_175,0,0,0.0,1,0.0,0.2649028801071668,0.0003225049484991,0,0.0
team_176,0,0,0.0,2,3.282573244084981e-05,0.2708904109589041,0.0004643814968564,0,0.0
team_177,0,0,0.0,1,0.0,0.2633155792276964,0.0003142490131626,0,0.0
team_178,0,0,0.0,3,8.039841192707655e-05,0.275609756097561,0.0005900594806847,0,0.0
team_179,0,0,0.0,3,8.763487308911398e-05,0.2754178272980501,0.0005960854527627,0,0.0
team_18,0,0,0.0,4,0.0001674979738627,0.2804964539007092,0.0007231850467629,0,0.0
team_180,0,0,0.0,2,1.16249923422612e-05,0.2679539295392953,0.0004417085282916,0,0.0
team_181,0,0,0.0,1,0.0,0.2661507402422611,0.0003248916617326,0,0.0
team_182,0,0,0.0,3,6.079870894636951e-05,0.2740817740817741,0.0005784322604222,0,0.0
team_183,0,0,0.0,3,5.023408487068974e-05,0.2723829201101928,0.0005744232560019,0,0.0
team_184,0,0,0.0,3,7.457821419760429e-05,0.2759944173063503,0.0005847556132587,0,0.0
team_185,0,0,0.0,2,5.176560005451673e-05,0.2729468599033816,0.0004749702824376,0,0.0
team_186,0,0,0.0,1,0.0,0.2633155792276964,0.0003178915420189,0,0.0
team_187,0,0,0.0,1,0.0,0.2631403858948769,0.0003222739652765,0,0.0
team_188,0,0,0.0,3,4.170979361652082e-05,0.2727586206896552,0.0005639888375385,0,0.0
team_189,0,0,0.0,2,2.461461179589046e-05,0.2703349282296651,0.0004538967637123,0,0.0
team_19,0,0,0.0,2,1.8417366351011105e-05,0.268499660556687,0.0004498049668327,0,0.0
team_190,0,0,0.0,1,0.0,0.2654362416107382,0.0003226618272444,0,0.0
team_191,0,0,0.0,1,0.0,0.2650804289544236,0.0003296026470454,0,0.0
team_192,0,0,0.0,3,8.212887035014368e-05,0.275609756097561,0.0005916645047534,0,0.0
team_193,0,0,0.0,4,0.0001404133282565,0.2799009200283086,0.0007143465084184,0,0.0
team_194,0,0,0.0,2,2.86278301869838e-05,0.2699658703071672,0.0004563006461195,0,0.0
team_195,0,0,0.0,2,2.5658545757107e-05,0.2707049965776865,0.0004596166485548,0,0.0
team_196,0,0,0.0,1,0.0,0.2638425617078052,0.0003222541566811,0,0.0
team_197,0,0,0.0,1,0.0,0.2652582159624413,0.0003347615747861,0,0.0
team_198,0,0,0.0,1,0.0,0.2638425617078052,0.0003265962704602,0,0.0
team_199,0,0,0.0,1,0.0,0.2626162018592297,0.0003128639118563,0,0.0
team_2,0,0,0.0,1,0.0,0.2629654255319149,0.0003170742961149,0,0.0
team_20,0,0,0.0,1,0.0,0.2633155792276964,0.0003199277857645,0,0.0
team_200,0,0,0.0,1,0.0,0.2633155792276964,0.0003199277857645,0,0.0
team_201,0,0,0.0,2,4.005658442453676e-05,0.2725706409372846,0.000468986304309,0,0.0
team_202,0,0,0.0,1,0.0,0.2661507402422611,0.0003248916617326,0,0.0
team_203,0,0,0.0,2,2.2962060436988457e-05,0.2695978186775732,0.0004561667824147,0,0.0
team_204,0,0,0.0,3,9.92437357859445e-05,0.2777387640449438,0.0005953096768254,0,0.0
team_205,0,0,0.0,2,2.204343459539061e-05,0.2692307692307692,0.0004543072678333,0,0.0
team_206,0,0,0.0,2,1.9129633176691223e-05,0.2699658703071672,0.000447757378003,0,0.0
team_207,0,0,0.0,3,4.345639398802378e-05,0.2727586206896552,0.0005673397066262,0,0.0
team_208,0,0,0.0,2,3.357438941054137e-05,0.2705198358413133,0.0004638689639611,0,0.0
team_209,0,0,0.0,1,0.0,0.2643716577540106,0.0003309066448501,0,0.0
team_21,0,0,0.0,3,5.822399365221102e-05,0.2742718446601941,0.0005764844221223,0,0.0
team_210,0,0,0.0,1,0.0,0.2634910059960026,0.0003144894901524,0,0.0
team_211,0,0,0.0,2,3.5182195480148334e-05,0.2721954576737784,0.0004628705348959,0,0.0
team_212,0,0,0.0,1,0.0,0.2670492910195813,0.0003332090375989,0,0.0
team_213,0,0,0.0,1,0.0,0.2641950567802271,0.0003212021926981,0,0.0
team_214,0,0,0.0,2,2.4642531308814e-05,0.2699658703071672,0.0004570821261661,0,0.0
team_215,0,0,0.0,2,2.492717269228953e-05,0.2695978186775732,0.0004602562152474,0,0.0
team_216,0,0,0.0,2,2.355181824683484e-05,0.269781718963165,0.0004553736660626,0,0.0
team_217,0,0,0.0,3,6.713283896086357e-05,0.2744621790423317,0.0005847421464501,0,0.0
team_218,0,0,0.0,1,0.0,0.2641950567802271,0.0003213048594559,0,0.0
team_219,0,0,0.0,2,2.909766070895276e-05,0.2708904109589041,0.000460063002998,0,0.0
team_22,0,0,0.0,1,0.0,0.2661507402422611,0.0003248916617326,0,0.0
team_220,0,0,0.0,1,0.0,0.2641950567802271,0.0003230538841811,0,0.0
team_221,0,0,0.0,2,3.1860257629971626e-05,0.2714481811942347,0.0004625724101076,0,0.0
team_222,0,0,0.0,1,0.0,0.2643716577540106,0.000318366229556,0,0.0
team_223,0,0,0.0,1,0.0,0.2634910059960026,0.0003223780700954,0,0.0
team_224,0,0,0.0,1,0.0,0.2650804289544236,0.0003296026470454,0,0.0
team_225,0,0,0.0,2,2.627408379527045e-05,0.2710760795065113,0.0004577158657098,0,0.0
team_226,0,0,0.0,1,0.0,0.2650804289544236,0.0003223637024561,0,0.0
team_227,0,0,0.0,3,7.419628927530383e-05,0.2752261656228253,0.000585426863083,0,0.0
team_228,0,0,0.0,1,0.0,0.2657930107526882,0.000330972871549,0,0.0
team_229,0,0,0.0,2,2.4248389772583376e-05,0.2695978186775732,0.0004569794594083,0,0.0
team_23,0,0,0.0,3,0.0001566181461659,0.2806955287437899,0.0006179301518103,0,0.0
team_230,0,0,0.0,3,5.0153928003879713e-05,0.2733241188666206,0.0005714997797826,0,0.0
team_231,0,0,0.0,1,0.0,0.2634910059960026,0.000317104936767,0,0.0
team_232,0,0,0.0,2,2.1598359438552505e-05,0.2699658703071672,0.0004513310137601,0,0.0
team_233,0,0,0.0,1,0.0,0.2652582159624413,0.0003347615747861,0,0.0
team_234,0,0,0.0,3,6.99983177675291e-05,0.2750347705146036,0.0005822334780446,0,0.0
team_235,0,0,0.0,3,3.916310074401599e-05,0.2729468599033816,0.0005626595327921,0,0.0
team_236,0,0,0.0,1,0.0,0.2638425617078052,0.0003241727892049,0,0.0
team_237,0,0,0.0,1,0.0,0.2670492910195813,0.0003332090375989,0,0.0
team_238,0,0,0.0,2,1.8458711867027e-05,0.2699658703071672,0.0004476004992576,0,0.0
team_239,0,0,0.0,5,0.0002555866601518,0.2843278217109993,0.0008504116883636,0,0.0
team_24,0,0,0.0,1,0.0,0.2650804289544236,0.0003199829459045,0,0.0
team_240,0,0,0.0,2,1.3603680638380652e-05,0.268135593220339,0.0004407462227937,0,0.0
team_241,0,0,0.0,2,2.407018858029972e-05,0.2701502732240437,0.0004539955267247,0,0.0
team_242,0,0,0.0,3,5.993302530055502e-05,0.2748436414176511,0.0005793074906063,0,0.0
team_243,0,0,0.0,3,8.014070574391225e-05,0.2758019525801952,0.0005883888724331,0,0.0
team_244,0,0,0.0,1,0.0,0.2641950567802271,0.0003230538841811,0,0.0
team_245,0,0,0.0,1,0.0,0.2626162018592297,0.0003128639118563,0,0.0
team_246,0,0,0.0,2,2.369092536085733e-05,0.2695978186775732,0.0004583782143855,0,0.0
team_247,0,0,0.0,4,0.0001512216310274,0.2791107974594213,0.0007203037946926,0,0.0
team_248,0,0,0.0,1,0.0,0.2626162018592297,0.0003128639118563,0,0.0
team_249,0,0,0.0,2,2.346761202819576e-05,0.2707049965776865,0.0004500746998292,0,0.0
team_25,0,0,0.0,2,2.266315801825238e-05,0.2703349282296651,0.0004502429518392,0,0.0
team_250,0,0,0.0,2,2.946876667508401e-05,0.2695978186775732,0.0004621985723744,0,0.0
team_251,0,0,0.0,2,2.627408379527045e-05,0.2710760795065113,0.0004577158657098,0,0.0
team_252,0,0,0.0,1,0.0,0.2638425617078052,0.0003265962704602,0,0.0
team_253,0,0,0.0,2,1.762349264563882e-05,0.2688647178789939,0.0004473649427017,0,0.0
team_254,0,0,0.0,1,0.0,0.2652582159624413,0.0003347615747861,0,0.0
team_255,0,0,0.0,1,0.0,0.2645484949832776,0.0003309889380784,0,0.0
team_256,0,0,0.0,2,2.722938933776208e-05,0.2701502732240437,0.0004577366320815,0,0.0
team_257,0,0,0.0,1,0.0,0.2636666666666666,0.0003135644751348,0,0.0
team_258,0,0,0.0,3,4.3939986875458185e-05,0.2723829201101928,0.0005701799177604,0,0.0
team_259,0,0,0.0,1,0.0,0.2641950567802271,0.000325171206104,0,0.0
team_26,0,0,0.0,2,2.6089860002633594e-05,0.2705198358413133,0.0004560853497594,0,0.0
team_260,0,0,0.0,1,0.0,0.2633155792276964,0.0003196539453285,0,0.0
team_261,0,0,0.0,3,7.822587040878735e-05,0.2752261656228253,0.0005868270996732,0,0.0
team_262,0,0,0.0,1,0.0,0.2654362416107382,0.0003287474182131,0,0.0
team_263,0,0,0.0,1,0.0,0.2645484949832776,0.000337716281165,0,0.0
team_264,0,0,0.0,2,3.6384778465219095e-05,0.2721954576737784,0.0004679878874099,0,0.0
team_265,0,0,0.0,1,0.0,0.2645484949832776,0.000337716281165,0,0.0
team_266,0,0,0.0,1,0.0,0.2636666666666666,0.0003149632280289,0,0.0
team_267,0,0,0.0,2,4.13849163109094e-05,0.2729468599033816,0.0004704597338061,0,0.0
team_268,0,0,0.0,1,0.0,0.2633155792276964,0.0003178915420189,0,0.0
team_269,0,0,0.0,3,8.809202768156071e-05,0.2773492286115007,0.0005914155974626,0,0.0
team_27,0,0,0.0,3,0.0001162172819124,0.2775438596491228,0.0006041674087921,0,0.0
team_270,0,0,0.0,2,2.9634725510180624e-05,0.2707049965776865,0.0004574627916455,0,0.0
team_271,0,0,0.0,1,0.0,0.2643716577540106,0.0003199070193929,0,0.0
team_272,0,0,0.0,1,0.0,0.2652582159624413,0.0003347615747861,0,0.0
team_273,0,0,0.0,1,0.0,0.2633155792276964,0.0003178915420189,0,0.0
team_274,0,0,0.0,2,1.7723284343128493e-05,0.2694141689373297,0.000448074237134,0,0.0
team_275,0,0,0.0,1,0.0,0.2657930107526882,0.000330972871549,0,0.0
team_276,0,0,0.0,1,0.0,0.2633155792276964,0.0003178915420189,0,0.0
team_277,0,0,0.0,1,0.0,0.2645484949832776,0.0003104551791762,0,0.0
team_278,0,0,0.0,3,8.141644675946514e-05,0.275609756097561,0.000591045300038,0,0.0
team_279,0,0,0.0,2,1.5437581739876263e-05,0.269781718963165,0.0004429530033145,0,0.0
team_28,0,0,0.0,1,0.0,0.2643716577540106,0.0003309066448501,0,0.0
team_280,0,0,0.0,1,0.0,0.2654362416107382,0.0003226618272444,0,0.0
team_281,0,0,0.0,2,2.5272765510144136e-05,0.2710760795065113,0.0004544700805487,0,0.0
team_282,0,0,0.0,2,2.4838614015583707e-05,0.2710760795065113,0.0004587775209473,0,0.0
team_283,0,0,0.0,1,0.0,0.2631403858948769,0.0003151279872189,0,0.0
team_284,0,0,0.0,1,0.0,0.2649028801071668,0.0003225049484991,0,0.0
team_285,0,0,0.0,2,2.037440371173733e-05,0.2692307692307692,0.0004507648815542,0,0.0
team_286,0,0,0.0,1,0.0,0.2634910059960026,0.0003223780700954,0,0.0
team_287,0,0,0.0,2,3.860322774864767e-05,0.2727586206896552,0.0004668689823861,0,0.0
team_288,0,0,0.0,1,0.0,0.2638425617078052,0.0003234627460006,0,0.0
team_289,0,0,0.0,1,0.0,0.2631403858948769,0.0003222739652765,0,0.0
team_29,0,0,0.0,1,0.0,0.2633155792276964,0.0003178915420189,0,0.0
team_290,0,0,0.0,1,0.0,0.2647255689424364,0.0003272610291387,0,0.0
team_291,0,0,0.0,1,0.0,0.2619205298013245,0.0003130105789934,0,0.0
team_292,0,0,0.0,2,1.541263175895474e-05,0.2675913396481732,0.0004487878457035,0,0.0
team_293,0,0,0.0,4,0.0001522622075235,0.2791107974594213,0.0007217408839852,0,0.0
team_294,0,0,0.0,1,0.0,0.2654362416107382,0.0003226618272444,0,0.0
team_295,0,0,0.0,1,0.0,0.2629654255319149,0.0003170742961149,0,0.0
team_296,0,0,0.0,1,0.0,0.2645484949832776,0.0003309889380784,0,0.0
team_297,0,0,0.0,1,0.0,0.2643716577540106,0.0003309066448501,0,0.0
team_298,0,0,0.0,1,0.0,0.2647255689424364,0.0003272610291387,0,0.0
team_299,0,0,0.0,1,0.0,0.2649028801071668,0.0003186748410914,0,0.0
team_3,0,0,0.0,1,0.0,0.2643716577540106,0.0003309066448501,0,0.0
team_30,0,0,0.0,1,0.0,0.2645484949832776,0.0003182182600146,0,0.0
team_300,0,0,0.0,1,0.0,0.2643716577540106,0.0003309066448501,0,0.0
team_301,0,0,0.0,2,2.3234808177532903e-05,0.2703349282296651,0.0004522870666212,0,0.0
team_302,0,0,0.0,1,0.0,0.2634910059960026,0.000317104936767,0,0.0
team_303,0,0,0.0,2,2.015041388458752e-05,0.2705198358413133,0.0004529179539541,0,0.0
team_304,0,0,0.0,2,2.100084401843851e-05,0.2695978186775732,0.0004504408657635,0,0.0
team_305,0,0,0.0,1,0.0,0.2645484949832776,0.0003272027857108,0,0.0
team_306,0,0,0.0,1,0.0,0.2650804289544236,0.0003223637024561,0,0.0
team_307,0,0,0.0,2,1.5661741759954177e-05,0.2694141689373297,0.0004439355181909,0,0.0
team_308,0,0,0.0,2,1.5920605778424696e-05,0.2679539295392953,0.0004469243968011,0,0.0
team_309,0,0,0.0,1,0.0,0.2624419376244193,0.0003243897260575,0,0.0
team_31,0,0,0.0,2,2.486999525225499e-05,0.2708904109589041,0.0004530180284981,0,0.0
team_310,0,0,0.0,1,0.0,0.2657930107526882,0.000330972871549,0,0.0
team_311,0,0,0.0,2,2.7470677241133985e-05,0.2695978186775732,0.0004600745181352,0,0.0
team_312,0,0,0.0,1,0.0,0.2645484949832776,0.000337716281165,0,0.0
team_313,0,0,0.0,1,0.0,0.2643716577540106,0.0003199070193929,0,0.0
team_314,0,0,0.0,1,0.0,0.2629654255319149,0.0003065012376465,0,0.0
team_315,0,0,0.0,2,2.5849867012351263e-05,0.2694141689373297,0.0004613329207644,0,0.0
team_316,0,0,0.0,1,0.0,0.2654362416107382,0.0003287474182131,0,0.0
team_317,0,0,0.0,4,0.0001328680893081,0.2797029702970297,0.000709914160828,0,0.0
team_318,0,0,0.0,1,0.0,0.2634910059960026,0.0003223780700954,0,0.0
team_319,0,0,0.0,2,3.1350875808994713e-05,0.2721954576737784,0.0004593938816499,0,0.0
team_32,0,0,0.0,1,0.0,0.2657930107526882,0.000330972871549,0,0.0
team_320,0,0,0.0,1,0.0,0.2641950567802271,0.000325171206104,0,0.0
team_321,0,0,0.0,2,2.273014048034195e-05,0.2710760795065113,0.0004558228145684,0,0.0
team_322,0,0,0.0,1,0.0,0.2633155792276964,0.0003196539453285,0,0.0
team_323,0,0,0.0,2,1.904680700578263e-05,0.2699658703071672,0.000448097750281,0,0.0
team_324,0,0,0.0,1,0.0,0.2654362416107382,0.0003287474182131,0,0.0
team_325,0,0,0.0,1,0.0,0.2670492910195813,0.0003332090375989,0,0.0
team_326,0,0,0.0,1,0.0,0.2661507402422611,0.0003248916617326,0,0.0
team_327,0,0,0.0,2,5.3366076316444826e-05,0.2723829201101928,0.0004779249888165,0,0.0
team_328,0,0,0.0,1,0.0,0.2633155792276964,0.0003196539453285,0,0.0
team_329,0,0,0.0,1,0.0,0.2629654255319149,0.0003065012376465,0,0.0
team_33,0,0,0.0,1,0.0,0.2619205298013245,0.0003130105789934,0,0.0
team_330,0,0,0.0,1,0.0,0.2633155792276964,0.0003178915420189,0,0.0
team_331,0,0,0.0,1,0.0,0.2636666666666666,0.0003271944922526,0,0.0
team_332,0,0,0.0,1,0.0,0.2631403858948769,0.0003222739652765,0,0.0
team_333,0,0,0.0,2,4.348341738961241e-05,0.2708904109589041,0.0004749186122313,0,0.0
team_334,0,0,0.0,1,0.0,0.2638425617078052,0.0003222541566811,0,0.0
team_335,0,0,0.0,1,0.0,0.2641950567802271,0.0003213048594559,0,0.0
team_336,0,0,0.0,3,7.787292234354438e-05,0.2763801537386443,0.0005881251821684,0,0.0
team_337,0,0,0.0,1,0.0,0.2643716577540106,0.0003309066448501,0,0.0
team_338,0,0,0.0,1,0.0,0.2661507402422611,0.0003248916617326,0,0.0
team_339,0,0,0.0,1,0.0,0.2641950567802271,0.0003230538841811,0,0.0
team_34,0,0,0.0,2,2.3777858246978067e-05,0.2695978186775732,0.0004586692947994,0,0.0
team_340,0,0,0.0,1,0.0,0.2634910059960026,0.0003144894901524,0,0.0
team_341,0,0,0.0,1,0.0,0.2670492910195813,0.0003332090375989,0,0.0
team_342,0,0,0.0,2,1.5924372363334952e-05,0.269047619047619,0.0004444088889163,0,0.0
team_343,0,0,0.0,4,0.0001579920818806,0.2799009200283086,0.0007210797956684,0,0.0
team_344,0,0,0.0,2,3.17125626184093e-05,0.2725706409372846,0.0004637221175979,0,0.0
team_345,0,0,0.0,1,0.0,0.2654362416107382,0.0003226618272444,0,0.0
team_346,0,0,0.0,1,0.0,0.2650804289544236,0.0003296026470454,0,0.0
team_347,0,0,0.0,1,0.0,0.2641950567802271,0.0003212021926981,0,0.0
team_348,0,0,0.0,1,0.0,0.2649028801071668,0.0003186748410914,0,0.0
team_349,0,0,0.0,1,0.0,0.2638425617078052,0.0003234627460006,0,0.0
team_35,0,0,0.0,4,0.0001741582052395,0.2806955287437899,0.0007262903482728,0,0.0
team_350,0,0,0.0,1,0.0,0.2645484949832776,0.000337716281165,0,0.0
team_351,0,0,0.0,4,8.61976065374747e-05,0.2758019525801952,0.0006927291782224,0,0.0
team_352,0,0,0.0,1,0.0,0.2638425617078052,0.0003265962704602,0,0.0
team_353,0,0,0.0,1,0.0,0.2641950567802271,0.0003230538841811,0,0.0
team_354,0,0,0.0,3,8.436430369773758e-05,0.2761871508379888,0.000590726800271,0,0.0
team_355,0,0,0.0,3,8.001667423187236e-05,0.2761871508379888,0.0005875610993911,0,0.0
team_356,0,0,0.0,1,0.0,0.2654362416107382,0.0003226618272444,0,0.0
team_357,0,0,0.0,1,0.0,0.2645484949832776,0.000337716281165,0,0.0
team_358,0,0,0.0,1,0.0,0.2634910059960026,0.000317104936767,0,0.0
team_359,0,0,0.0,1,0.0,0.2638425617078052,0.0003241727892049,0,0.0
team_36,0,0,0.0,1,0.0,0.2634910059960026,0.000317104936767,0,0.0
team_360,0,0,0.0,1,0.0,0.2670492910195813,0.0003332090375989,0,0.0
team_361,0,0,0.0,1,0.0,0.2638425617078052,0.0003265962704602,0,0.0
team_362,0,0,0.0,1,0.0,0.2645484949832776,0.0003272027857108,0,0.0
team_363,0,0,0.0,2,1.6544837648845414e-05,0.2686820652173913,0.000446424692422,0,0.0
team_364,0,0,0.0,2,2.909766070895276e-05,0.2708904109589041,0.000460063002998,0,0.0
team_365,0,0,0.0,3,5.820653636494049e-05,0.2735131396957123,0.0005791731960059,0,0.0
team_366,0,0,0.0,1,0.0,0.2657930107526882,0.0003288808016509,0,0.0
team_367,0,0,0.0,1,0.0,0.2638425617078052,0.0003233077572016,0,0.0
team_368,0,0,0.0,1,0.0,0.2645484949832776,0.0003141286826938,0,0.0
team_369,0,0,0.0,1,0.0,0.2657930107526882,0.0003288808016509,0,0.0
team_37,0,0,0.0,1,0.0,0.2631403858948769,0.0003151279872189,0,0.0
team_370,0,0,0.0,1,0.0,0.2650804289544236,0.0003296026470454,0,0.0
team_371,0,0,0.0,1,0.0,0.2657930107526882,0.000330972871549,0,0.0
team_372,0,0,0.0,2,4.533554590324498e-05,0.2735131396957123,0.0004725625164181,0,0.0
team_373,0,0,0.0,4,0.0001792999184458,0.2808948863636363,0.0007288127164613,0,0.0
team_374,0,0,0.0,1,0.0,0.2657930107526882,0.000330972871549,0,0.0
team_375,0,0,0.0,3,8.578162127255704e-05,0.2765734265734266,0.000589764011875,0,0.0
team_376,0,0,0.0,3,6.672541195137703e-05,0.2742718446601941,0.0005845395273653,0,0.0
team_377,0,0,0.0,1,0.0,0.2638425617078052,0.0003241727892049,0,0.0
team_378,0,0,0.0,1,0.0,0.2645484949832776,0.0003309889380784,0,0.0
team_379,0,0,0.0,1,0.0,0.2631403858948769,0.000315891149025,0,0.0
team_38,0,0,0.0,1,0.0,0.2643716577540106,0.0003199070193929,0,0.0
team_380,0,0,0.0,1,0.0,0.2645484949832776,0.000337716281165,0,0.0
team_381,0,0,0.0,1,0.0,0.2636666666666666,0.0003135644751348,0,0.0
team_382,0,0,0.0,4,0.0002274022297838,0.2839195979899497,0.0007416715506239,0,0.0
team_383,0,0,0.0,3,7.712415040043957e-05,0.2758019525801952,0.0005874512291003,0,0.0
team_384,0,0,0.0,3,7.298085783839882e-05,0.2744621790423317,0.0005877960837654,0,0.0
team_385,0,0,0.0,2,4.285904788009157e-05,0.2718213058419244,0.0004687977843954,0,0.0
team_386,0,0,0.0,1,0.0,0.2641950567802271,0.0003212021926981,0,0.0
team_387,0,0,0.0,1,0.0,0.2643716577540106,0.0003309066448501,0,0.0
team_388,0,0,0.0,2,2.800890507648227e-05,0.2699658703071672,0.000459950055915,0,0.0
team_389,0,0,0.0,2,2.920211214778368e-05,0.2723829201101928,0.0004554806682433,0,0.0
team_39,0,0,0.0,1,0.0,0.2670492910195813,0.0003332090375989,0,0.0
team_390,0,0,0.0,1,0.0,0.2631403858948769,0.0003222739652765,0,0.0
team_391,0,0,0.0,1,0.0,0.2626162018592297,0.0003128639118563,0,0.0
team_392,0,0,0.0,1,0.0,0.2641950567802271,0.0003212021926981,0,0.0
team_393,0,0,0.0,2,2.0116646426877032e-05,0.2688647178789939,0.0004501877916992,0,0.0
team_394,0,0,0.0,1,0.0,0.2641950567802271,0.0003212021926981,0,0.0
team_395,0,0,0.0,3,4.8341847739446136e-05,0.2720082530949106,0.0005748528004374,0,0.0
team_396,0,0,0.0,1,0.0,0.2633155792276964,0.0003196539453285,0,0.0
team_397,0,0,0.0,3,9.181064419605231e-05,0.2758019525801952,0.000594890972483,0,0.0
team_398,0,0,0.0,4,0.0002352177450199,0.2833094555873925,0.0007443283862448,0,0.0
team_399,0,0,0.0,1,0.0,0.2650804289544236,0.0003223637024561,0,0.0
team_4,0,0,0.0,1,0.0,0.2657930107526882,0.000330972871549,0,0.0
team_40,0,0,0.0,2,2.7470677241133985e-05,0.2695978186775732,0.0004600745181352,0,0.0
team_400,0,0,0.0,2,4.393251392371574e-05,0.2729468599033816,0.0004689561258646,0,0.0
team_401,0,0,0.0,3,9.991323313255772e-05,0.2765734265734266,0.0005978116905762,0,0.0
team_402,0,0,0.0,1,0.0,0.2626162018592297,0.0003128639118563,0,0.0
team_403,0,0,0.0,1,0.0,0.2661507402422611,0.0003248916617326,0,0.0
team_404,0,0,0.0,1,0.0,0.2670492910195813,0.0003332090375989,0,0.0
team_405,0,0,0.0,2,3.291574954754511e-05,0.2703349282296651,0.0004674031999041,0,0.0
team_406,0,0,0.0,2,2.2871713125088205e-05,0.2701502732240437,0.0004521161029074,0,0.0
team_407,0,0,0.0,1,0.0,0.2649028801071668,0.0003225049484991,0,0.0
team_408,0,0,0.0,2,4.833305961860792e-05,0.2718213058419244,0.0004755251274819,0,0.0
team_409,0,0,0.0,2,2.5202587666339884e-05,0.2692307692307692,0.0004570528150875,0,0.0
team_41,0,0,0.0,1,0.0,0.2643716577540106,0.0003199070193929,0,0.0
team_410,0,0,0.0,1,0.0,0.2636666666666666,0.0003271944922526,0,0.0
team_411,0,0,0.0,1,0.0,0.2643716577540106,0.000318366229556,0,0.0
team_412,0,0,0.0,1,0.0,0.2636666666666666,0.0003149632280289,0,0.0
team_413,0,0,0.0,1,0.0,0.2645484949832776,0.0003141286826938,0,0.0
team_414,0,0,0.0,3,8.871845883976779e-05,0.2752261656228253,0.0005948090453627,0,0.0
team_415,0,0,0.0,1,0.0,0.2633155792276964,0.0003178915420189,0,0.0
team_416,0,0,0.0,1,0.0,0.2654362416107382,0.0003287474182131,0,0.0
team_417,0,0,0.0,2,3.846628399396856e-05,0.2723829201101928,0.0004677313378483,0,0.0
team_418,0,0,0.0,1,0.0,0.2647255689424364,0.0003272610291387,0,0.0
team_419,0,0,0.0,1,0.0,0.2645484949832776,0.000337716281165,0,0.0
team_42,0,0,0.0,4,9.337796061920802e-05,0.2750347705146036,0.0006990504827476,0,0.0
team_420,0,0,0.0,1,0.0,0.2638425617078052,0.0003233077572016,0,0.0
team_421,0,0,0.0,1,0.0,0.2654362416107382,0.0003287474182131,0,0.0
team_422,0,0,0.0,3,6.838027869706572e-05,0.2758019525801952,0.0005778286983096,0,0.0
team_423,0,0,0.0,1,0.0,0.2641950567802271,0.0003212021926981,0,0.0
team_424,0,0,0.0,1,0.0,0.2654362416107382,0.0003226618272444,0,0.0
team_425,0,0,0.0,2,1.2128154819154534e-05,0.2675913396481732,0.0004385798676283,0,0.0
team_426,0,0,0.0,2,1.3186469630327538e-05,0.2686820652173913,0.0004389837564625,0,0.0
team_427,0,0,0.0,1,0.0,0.2643716577540106,0.000318366229556,0,0.0
team_428,0,0,0.0,3,4.6489398887250055e-05,0.2725706409372846,0.0005708655370224,0,0.0
team_429,0,0,0.0,1,0.0,0.2650804289544236,0.0003296026470454,0,0.0
team_43,0,0,0.0,3,9.480915720985118e-05,0.2761871508379888,0.0005963431386519,0,0.0
team_430,0,0,0.0,3,0.00012431649089,0.2783251231527093,0.0006082514270032,0,0.0
team_431,0,0,0.0,3,7.998003133362473e-05,0.2752261656228253,0.0005920990387418,0,0.0
team_432,0,0,0.0,2,2.8666313202583043e-05,0.2712620027434842,0.0004591408075856,0,0.0
team_433,0,0,0.0,1,0.0,0.2654362416107382,0.0003287474182131,0,0.0
team_434,0,0,0.0,3,5.256697680593831e-05,0.2723829201101928,0.0005749958548518,0,0.0
team_435,0,0,0.0,1,0.0,0.2633155792276964,0.0003199277857645,0,0.0
team_436,0,0,0.0,1,0.0,0.2641950567802271,0.000325171206104,0,0.0
team_437,0,0,0.0,1,0.0,0.2631403858948769,0.000315891149025,0,0.0
team_438,0,0,0.0,2,4.621309625191886e-05,0.2725706409372846,0.0004704758003355,0,0.0
team_439,0,0,0.0,1,0.0,0.2638425617078052,0.0003241727892049,0,0.0
team_44,0,0,0.0,3,7.110520394516306e-05,0.2740817740817741,0.0005869088947714,0,0.0
team_440,0,0,0.0,1,0.0,0.2643716577540106,0.0003309066448501,0,0.0
team_441,0,0,0.0,1,0.0,0.2641950567802271,0.000325171206104,0,0.0
team_442,0,0,0.0,1,0.0,0.2647255689424364,0.0003272610291387,0,0.0
team_443,0,0,0.0,1,0.0,0.2638425617078052,0.0003241727892049,0,0.0
team_444,0,0,0.0,2,3.434104216043277e-05,0.2723829201101928,0.000460791721713,0,0.0
team_445,0,0,0.0,2,3.390572431376918e-05,0.2720082530949106,0.0004606890549552,0,0.0
team_446,0,0,0.0,2,2.308740081346796e-05,0.2707049965776865,0.0004537358754196,0,0.0
team_447,0,0,0.0,2,2.934524038610641e-05,0.2710760795065113,0.0004646328163362,0,0.0
team_448,0,0,0.0,1,0.0,0.2650804289544236,0.0003199829459045,0,0.0
team_449,0,0,0.0,2,3.0762313697998006e-05,0.2708904109589041,0.00045986265298,0,0.0
team_45,0,0,0.0,1,0.0,0.2633155792276964,0.0003199277857645,0,0.0
team_450,0,0,0.0,1,0.0,0.2638425617078052,0.0003241727892049,0,0.0
team_451,0,0,0.0,3,8.455079965968799e-05,0.2750347705146036,0.0005915799613342,0,0.0
team_452,0,0,0.0,1,0.0,0.2634910059960026,0.0003223780700954,0,0.0
team_453,0,0,0.0,1,0.0,0.2654362416107382,0.0003287474182131,0,0.0
team_454,0,0,0.0,1,0.0,0.2670492910195813,0.0003332090375989,0,0.0
team_455,0,0,0.0,1,0.0,0.2657930107526882,0.0003288808016509,0,0.0
team_456,0,0,0.0,1,0.0,0.2657930107526882,0.000330972871549,0,0.0
team_457,0,0,0.0,1,0.0,0.2652582159624413,0.0003347615747861,0,0.0
team_458,0,0,0.0,1,0.0,0.2636666666666666,0.0003271944922526,0,0.0
team_459,0,0,0.0,1,0.0,0.2641950567802271,0.0003213048594559,0,0.0
team_46,0,0,0.0,1,0.0,0.2647255689424364,0.0003272610291387,0,0.0
team_460,0,0,0.0,1,0.0,0.2631403858948769,0.0003151279872189,0,0.0
team_461,0,0,0.0,3,9.04060635368358e-05,0.2765734265734266,0.0005931266616056,0,0.0
team_462,0,0,0.0,1,0.0,0.2645484949832776,0.000337716281165,0,0.0
team_463,0,0,0.0,2,3.135995850517409e-05,0.2725706409372846,0.0004581595495832,0,0.0
team_464,0,0,0.0,1,0.0,0.2624419376244193,0.0003243897260575,0,0.0
team_465,0,0,0.0,2,3.177142223050335e-05,0.2712620027434842,0.0004590110390151,0,0.0
team_466,0,0,0.0,1,0.0,0.2647255689424364,0.0003272610291387,0,0.0
team_467,0,0,0.0,2,1.3190775641109494e-05,0.2688647178789939,0.0004391337637698,0,0.0
team_468,0,0,0.0,1,0.0,0.2654362416107382,0.0003226618272444,0,0.0
team_469,0,0,0.0,1,0.0,0.2657930107526882,0.000330972871549,0,0.0
team_47,0,0,0.0,1,0.0,0.2641950567802271,0.0003230538841811,0,0.0
team_470,0,0,0.0,2,1.9608131338774887e-05,0.2701502732240437,0.0004472187762247,0,0.0
team_471,0,0,0.0,3,5.042287630928495e-05,0.2735131396957123,0.0005712862823645,0,0.0
team_472,0,0,0.0,2,2.735061193427316e-05,0.2699658703071672,0.0004580866070126,0,0.0
team_473,0,0,0.0,1,0.0,0.2654362416107382,0.0003287474182131,0,0.0
team_474,0,0,0.0,2,2.031137274286681e-05,0.269781718963165,0.0004522173906756,0,0.0
team_475,0,0,0.0,1,0.0,0.2652582159624413,0.0003347615747861,0,0.0
team_476,0,0,0.0,3,8.373236499582128e-05,0.2758019525801952,0.0005908826967204,0,0.0
team_477,0,0,0.0,2,2.7089376983600923e-05,0.2694141689373297,0.0004611083100603,0,0.0
team_478,0,0,0.0,1,0.0,0.2650804289544236,0.0003223637024561,0,0.0
team_479,0,0,0.0,2,5.022507568258328e-05,0.2718213058419244,0.0004793112798495,0,0.0
team_48,0,0,0.0,1,0.0,0.2636666666666666,0.0003271944922526,0,0.0
team_480,0,0,0.0,2,2.0333363838464555e-05,0.2705198358413133,0.0004491879210904,0,0.0
team_481,0,0,0.0,3,9.033632719146045e-05,0.2765734265734266,0.000594275243286,0,0.0
team_482,0,0,0.0,1,0.0,0.2633155792276964,0.0003196539453285,0,0.0
team_483,0,0,0.0,2,2.0126827334019995e-05,0.2688647178789939,0.0004546055776779,0,0.0
team_484,0,0,0.0,1,0.0,0.2649028801071668,0.0003225049484991,0,0.0
team_485,0,0,0.0,3,0.0001150585478159,0.2791107974594213,0.000601668190018,0,0.0
team_486,0,0,0.0,2,1.6310761024956955e-05,0.2688647178789939,0.0004471724437164,0,0.0
team_487,0,0,0.0,3,0.0001162804193186,0.2789139633286319,0.000605301049753,0,0.0
team_488,0,0,0.0,2,2.020158239524173e-05,0.2695978186775732,0.0004484782659492,0,0.0
team_489,0,0,0.0,1,0.0,0.2661507402422611,0.0003248916617326,0,0.0
team_49,0,0,0.0,1,0.0,0.2649028801071668,0.0003186748410914,0,0.0
team_490,0,0,0.0,2,1.621299933295162e-05,0.2686820652173913,0.0004469362405231,0,0.0
team_491,0,0,0.0,2,2.8195611231948976e-05,0.2710760795065113,0.0004565756450521,0,0.0
team_492,0,0,0.0,1,0.0,0.2641950567802271,0.0003212021926981,0,0.0
team_493,0,0,0.0,3,0.0001128157551349,0.2789139633286319,0.0006016068904265,0,0.0
team_494,0,0,0.0,2,2.7923589678864955e-05,0.2716346153846153,0.0004556315903066,0,0.0
team_495,0,0,0.0,1,0.0,0.2670492910195813,0.0003332090375989,0,0.0
team_496,0,0,0.0,1,0.0,0.2645484949832776,0.0003309889380784,0,0.0
team_497,0,0,0.0,1,0.0,0.2647255689424364,0.0003272610291387,0,0.0
team_498,0,0,0.0,1,0.0,0.2631403858948769,0.000315891149025,0,0.0
team_499,0,0,0.0,1,0.0,0.2638425617078052,0.0003234627460006,0,0.0
team_5,0,0,0.0,2,1.5010993125825945e-05,0.269047619047619,0.000441275472508,0,0.0
team_50,0,0,0.0,1,0.0,0.2634910059960026,0.0003223780700954,0,0.0
team_500,0,0,0.0,2,3.400588677483747e-05,0.2729468599033816,0.0004624899392964,0,0.0
team_501,0,0,0.0,1,0.0,0.2638425617078052,0.0003233077572016,0,0.0
team_502,0,0,0.0,1,0.0,0.2650804289544236,0.0003296026470454,0,0.0
team_503,0,0,0.0,1,0.0,0.2645484949832776,0.0003104551791762,0,0.0
team_504,0,0,0.0,1,0.0,0.2624419376244193,0.0003243897260575,0,0.0
team_505,0,0,0.0,1,0.0,0.2657930107526882,0.0003288808016509,0,0.0
team_506,0,0,0.0,1,0.0,0.2633155792276964,0.0003142490131626,0,0.0
team_507,0,0,0.0,2,4.5249866925748446e-05,0.2735131396957123,0.0004702592971248,0,0.0
team_508,0,0,0.0,1,0.0,0.2634910059960026,0.0003144894901524,0,0.0
team_509,0,0,0.0,1,0.0,0.2649028801071668,0.0003186748410914,0,0.0
team_51,0,0,0.0,2,2.5693386439829825e-05,0.2701502732240437,0.0004537227519352,0,0.0
team_510,0,0,0.0,2,2.92017135982291e-05,0.2701502732240437,0.0004638491553656,0,0.0
team_511,0,0,0.0,3,5.469345137838467e-05,0.2740817740817741,0.00057313805126,0,0.0
team_512,0,0,0.0,2,2.100351072728617e-05,0.2679539295392953,0.0004549235724281,0,0.0
team_513,0,0,0.0,2,2.374489019102832e-05,0.2710760795065113,0.0004504960259035,0,0.0
team_514,0,0,0.0,1,0.0,0.2652582159624413,0.0003347615747861,0,0.0
team_515,0,0,0.0,1,0.0,0.2657930107526882,0.0003288808016509,0,0.0
team_516,0,0,0.0,1,0.0,0.2634910059960026,0.0003144894901524,0,0.0
team_517,0,0,0.0,2,3.467921666291997e-05,0.2718213058419244,0.0004639587011406,0,0.0
team_518,0,0,0.0,1,0.0,0.2670492910195813,0.0003332090375989,0,0.0
team_519,0,0,0.0,1,0.0,0.2638425617078052,0.0003233077572016,0,0.0
team_52,0,0,0.0,2,2.931219681103919e-05,0.2707049965776865,0.0004612587844172,0,0.0
team_520,0,0,0.0,2,3.241365321115898e-05,0.2718213058419244,0.0004606583382751,0,0.0
team_521,0,0,0.0,4,0.000179019257906,0.2808948863636363,0.0007274470306643,0,0.0
team_522,0,0,0.0,1,0.0,0.2638425617078052,0.0003265962704602,0,0.0
team_523,0,0,0.0,2,2.4302913177575686e-05,0.2703349282296651,0.0004529971098255,0,0.0
team_524,0,0,0.0,1,0.0,0.2641950567802271,0.0003212021926981,0,0.0
team_525,0,0,0.0,4,0.0001479812470577,0.2797029702970297,0.0007171101795418,0,0.0
team_526,0,0,0.0,2,4.24766723015123e-05,0.2729468599033816,0.0004667478913957,0,0.0
team_527,0,0,0.0,3,7.094787986814482e-05,0.2754178272980501,0.0005869970559937,0,0.0
team_528,0,0,0.0,3,5.474897241847738e-05,0.2737024221453287,0.0005721595256795,0,0.0
team_529,0,0,0.0,2,2.92017135982291e-05,0.2701502732240437,0.0004638491553656,0,0.0
team_53,0,0,0.0,2,2.492717269228953e-05,0.2695978186775732,0.0004602562152474,0,0.0
team_530,0,0,0.0,1,0.0,0.2657930107526882,0.0003288808016509,0,0.0
team_531,0,0,0.0,1,0.0,0.2638425617078052,0.0003265962704602,0,0.0
team_532,0,0,0.0,1,0.0,0.2657930107526882,0.000330972871549,0,0.0
team_533,0,0,0.0,2,2.60660003331765e-05,0.2718213058419244,0.0004536155449508,0,0.0
team_534,0,0,0.0,1,0.0,0.2641950567802271,0.0003213048594559,0,0.0
team_535,0,0,0.0,1,0.0,0.2657930107526882,0.000330972871549,0,0.0
team_536,0,0,0.0,1,0.0,0.2645484949832776,0.0003272027857108,0,0.0
team_537,0,0,0.0,1,0.0,0.2652582159624413,0.0003347615747861,0,0.0
team_538,0,0,0.0,1,0.0,0.2645484949832776,0.0003272027857108,0,0.0
team_539,0,0,0.0,1,0.0,0.2626162018592297,0.0003128639118563,0,0.0
team_54,0,0,0.0,2,2.972397821600952e-05,0.2708904109589041,0.0004612328774837,0,0.0
team_540,0,0,0.0,1,0.0,0.2641950567802271,0.0003230538841811,0,0.0
team_541,0,0,0.0,2,3.994530692747321e-05,0.2716346153846153,0.0004702601236694,0,0.0
team_542,0,0,0.0,2,2.4530254664166258e-05,0.2703349282296651,0.0004552446278443,0,0.0
team_543,0,0,0.0,1,0.0,0.2645484949832776,0.0003104551791762,0,0.0
team_544,0,0,0.0,1,0.0,0.2624419376244193,0.0003243897260575,0,0.0
team_545,0,0,0.0,1,0.0,0.2629654255319149,0.0003170742961149,0,0.0
team_546,0,0,0.0,4,0.0001382763832587,0.2793079096045198,0.000713545219518,0,0.0
team_547,0,0,0.0,1,0.0,0.2670492910195813,0.0003332090375989,0,0.0
team_548,0,0,0.0,2,2.745773227928349e-05,0.2699658703071672,0.0004627148981544,0,0.0
team_549,0,0,0.0,2,2.980272242589656e-05,0.2708904109589041,0.0004598641583107,0,0.0
team_55,0,0,0.0,3,6.078029732077211e-05,0.2735131396957123,0.0005761308843665,0,0.0
team_550,0,0,0.0,1,0.0,0.2645484949832776,0.0003272027857108,0,0.0
team_551,0,0,0.0,1,0.0,0.2629654255319149,0.0003170742961149,0,0.0
team_552,0,0,0.0,2,1.0942653304132766e-05,0.2675913396481732,0.0004388112874641,0,0.0
team_553,0,0,0.0,1,0.0,0.2650804289544236,0.0003199829459045,0,0.0
team_554,0,0,0.0,2,1.2238914314824309e-05,0.2672297297297297,0.0004415081816184,0,0.0
team_555,0,0,0.0,1,0.0,0.2645484949832776,0.0003272027857108,0,0.0
team_556,0,0,0.0,2,3.636802726869088e-05,0.2714481811942347,0.000466688571327,0,0.0
team_557,0,0,0.0,1,0.0,0.2633155792276964,0.0003142490131626,0,0.0
team_558,0,0,0.0,2,2.3986698106853023e-05,0.2699658703071672,0.0004555685606223,0,0.0
team_559,0,0,0.0,2,2.391847423796726e-05,0.2712620027434842,0.0004538639518947,0,0.0
team_56,0,0,0.0,1,0.0,0.2624419376244193,0.0003243897260575,0,0.0
team_560,0,0,0.0,3,7.268084617506577e-05,0.2744621790423317,0.0005879345885227,0,0.0
team_561,0,0,0.0,1,0.0,0.2670492910195813,0.0003332090375989,0,0.0
team_562,0,0,0.0,1,0.0,0.2634910059960026,0.0003223780700954,0,0.0
team_563,0,0,0.0,1,0.0,0.2638425617078052,0.0003234627460006,0,0.0
team_564,0,0,0.0,1,0.0,0.2641950567802271,0.0003213048594559,0,0.0
team_565,0,0,0.0,1,0.0,0.2629654255319149,0.0003065012376465,0,0.0
team_566,0,0,0.0,2,1.5992953477405457e-05,0.2683175033921303,0.0004454970743995,0,0.0
team_567,0,0,0.0,1,0.0,0.2650804289544236,0.0003199829459045,0,0.0
team_568,0,0,0.0,1,0.0,0.2643716577540106,0.0003309066448501,0,0.0
team_569,0,0,0.0,2,3.280381365318351e-05,0.2721954576737784,0.0004620153060637,0,0.0
team_57,0,0,0.0,1,0.0,0.2636666666666666,0.0003271944922526,0,0.0
team_570,0,0,0.0,1,0.0,0.2650804289544236,0.0003296026470454,0,0.0
team_571,0,0,0.0,2,2.5672993297932025e-05,0.2703349282296651,0.00045865322827,0,0.0
team_572,0,0,0.0,4,0.0001043591737434,0.2769607843137255,0.0007002431673091,0,0.0
team_573,0,0,0.0,2,5.111752294804273e-05,0.2733241188666206,0.0004763405069412,0,0.0
team_574,0,0,0.0,3,6.402229192559815e-05,0.2742718446601941,0.0005820481383776,0,0.0
team_575,0,0,0.0,2,1.935978557618861e-05,0.269781718963165,0.000447618016766,0,0.0
team_576,0,0,0.0,1,0.0,0.2645484949832776,0.0003309889380784,0,0.0
team_577,0,0,0.0,3,7.384828200685911e-05,0.2744621790423317,0.0005856449803164,0,0.0
team_578,0,0,0.0,2,2.3140661498288422e-05,0.2701502732240437,0.0004528431631918,0,0.0
team_579,0,0,0.0,1,0.0,0.2631403858948769,0.0003151279872189,0,0.0
team_58,0,0,0.0,2,2.3857152813613223e-05,0.2708904109589041,0.0004511880230767,0,0.0
team_580,0,0,0.0,1,0.0,0.2649028801071668,0.0003225049484991,0,0.0
team_581,0,0,0.0,3,8.581378727647552e-05,0.2750347705146036,0.0005971586634022,0,0.0
team_582,0,0,0.0,1,0.0,0.2661507402422611,0.0003248916617326,0,0.0
team_583,0,0,0.0,1,0.0,0.2645484949832776,0.000337716281165,0,0.0
team_584,0,0,0.0,3,6.992501480876528e-05,0.2752261656228253,0.0005839066925006,0,0.0
team_585,0,0,0.0,1,0.0,0.2645484949832776,0.0003182182600146,0,0.0
team_586,0,0,0.0,2,1.002008699569188e-05,0.2683175033921303,0.0004347555822022,0,0.0
team_587,0,0,0.0,1,0.0,0.2650804289544236,0.0003296026470454,0,0.0
team_588,0,0,0.0,1,0.0,0.2636666666666666,0.0003271944922526,0,0.0
team_589,0,0,0.0,2,1.6057642504492456e-05,0.268499660556687,0.0004458986167356,0,0.0
team_59,0,0,0.0,3,8.874664291243201e-05,0.275609756097561,0.0005917763788583,0,0.0
team_590,0,0,0.0,2,2.585481553030112e-05,0.2699658703071672,0.0004541848853385,0,0.0
team_591,0,0,0.0,1,0.0,0.2634910059960026,0.0003223780700954,0,0.0
team_592,0,0,0.0,1,0.0,0.2629654255319149,0.0003170742961149,0,0.0
team_593,0,0,0.0,1,0.0,0.2641950567802271,0.0003213048594559,0,0.0
team_594,0,0,0.0,1,0.0,0.2645484949832776,0.0003141286826938,0,0.0
team_595,0,0,0.0,2,1.1342510856563783e-05,0.2668690958164642,0.0004395077886245,0,0.0
team_596,0,0,0.0,1,0.0,0.2657930107526882,0.0003288808016509,0,0.0
team_597,0,0,0.0,1,0.0,0.2645484949832776,0.0003309889380784,0,0.0
team_598,0,0,0.0,3,5.5923901325836496e-05,0.2737024221453287,0.0005789941151585,0,0.0
team_599,0,0,0.0,3,7.391441921392475e-05,0.2754178272980501,0.0005835851837625,0,0.0
team_6,0,0,0.0,1,0.0,0.2641950567802271,0.0003213048594559,0,0.0
team_60,0,0,0.0,2,2.0034868576484057e-05,0.2694141689373297,0.0004523565798972,0,0.0
team_600,0,0,0.0,1,0.0,0.2624419376244193,0.0003243897260575,0,0.0
team_601,0,0,0.0,2,3.513362263742893e-05,0.2708904109589041,0.0004677457054876,0,0.0
team_602,0,0,0.0,1,0.0,0.2638425617078052,0.0003222541566811,0,0.0
team_603,0,0,0.0,2,1.808900320530728e-05,0.268499660556687,0.000450905253929,0,0.0
team_604,0,0,0.0,2,3.15654382606947e-05,0.2712620027434842,0.0004614956513608,0,0.0
team_605,0,0,0.0,3,7.4109199126287e-05,0.2731353591160221,0.0005909098881319,0,0.0
team_606,0,0,0.0,4,0.0002232772063483,0.2816951566951567,0.0007455064266154,0,0.0
team_607,0,0,0.0,2,4.501243204896744e-05,0.2721954576737784,0.0004688560278232,0,0.0
team_608,0,0,0.0,2,3.1350875808994713e-05,0.2721954576737784,0.0004593938816499,0,0.0
team_609,0,0,0.0,3,6.253746035926576e-05,0.2738919667590028,0.0005837761379367,0,0.0
team_61,0,0,0.0,1,0.0,0.2631403858948769,0.0003151279872189,0,0.0
team_610,0,0,0.0,2,2.508849202977509e-05,0.2701502732240437,0.0004560998566765,0,0.0
team_611,0,0,0.0,1,0.0,0.2638425617078052,0.0003222541566811,0,0.0
team_612,0,0,0.0,1,0.0,0.2645484949832776,0.0003309889380784,0,0.0
team_613,0,0,0.0,1,0.0,0.2650804289544236,0.0003223637024561,0,0.0
team_614,0,0,0.0,2,2.461200819185611e-05,0.2710760795065113,0.0004557076148489,0,0.0
team_615,0,0,0.0,2,3.836149282128293e-05,0.2710760795065113,0.0004695245344692,0,0.0
team_616,0,0,0.0,3,0.0001072901085598,0.2748436414176511,0.0006056961985301,0,0.0
team_617,0,0,0.0,1,0.0,0.2649028801071668,0.0003225049484991,0,0.0
team_618,0,0,0.0,1,0.0,0.2650804289544236,0.0003199829459045,0,0.0
team_619,0,0,0.0,3,7.164197180685859e-05,0.2738919667590028,0.0005875897083794,0,0.0
team_62,0,0,0.0,3,5.943035814849628e-05,0.2735131396957123,0.0005773746484616,0,0.0
team_620,0,0,0.0,3,0.0001084909053722,0.2775438596491228,0.0006014972490145,0,0.0
team_621,0,0,0.0,1,0.0,0.2631403858948769,0.000315891149025,0,0.0
team_622,0,0,0.0,1,0.0,0.2638425617078052,0.0003233077572016,0,0.0
team_623,0,0,0.0,1,0.0,0.2649028801071668,0.0003225049484991,0,0.0
team_624,0,0,0.0,2,2.092222188929817e-05,0.269047619047619,0.000449485276816,0,0.0
team_625,0,0,0.0,1,0.0,0.2649028801071668,0.0003186748410914,0,0.0
team_626,0,0,0.0,3,8.62839042700762e-05,0.2758019525801952,0.0005958500958015,0,0.0
team_627,0,0,0.0,1,0.0,0.2649028801071668,0.0003225049484991,0,0.0
team_628,0,0,0.0,1,0.0,0.2638425617078052,0.0003234627460006,0,0.0
team_629,0,0,0.0,1,0.0,0.2649028801071668,0.0003186748410914,0,0.0
team_63,0,0,0.0,1,0.0,0.2629654255319149,0.0003170742961149,0,0.0
team_630,0,0,0.0,1,0.0,0.2638425617078052,0.0003222541566811,0,0.0
team_631,0,0,0.0,2,2.1448515201446404e-05,0.2707049965776865,0.000449263847602,0,0.0
team_632,0,0,0.0,2,3.222164570586162e-05,0.2716346153846153,0.0004640424764836,0,0.0
team_633,0,0,0.0,1,0.0,0.2636666666666666,0.0003149632280289,0,0.0
team_634,0,0,0.0,1,0.0,0.2657930107526882,0.0003288808016509,0,0.0
team_635,0,0,0.0,1,0.0,0.2641950567802271,0.000325171206104,0,0.0
team_636,0,0,0.0,1,0.0,0.2641950567802271,0.000325171206104,0,0.0
team_637,0,0,0.0,3,5.091688623701081e-05,0.2735131396957123,0.0005729513100997,0,0.0
team_638,0,0,0.0,1,0.0,0.2647255689424364,0.0003272610291387,0,0.0
team_639,0,0,0.0,2,2.176635810186701e-05,0.2692307692307692,0.0004533138901157,0,0.0
team_64,0,0,0.0,3,6.392280971855821e-05,0.2746527777777778,0.0005794100817741,0,0.0
team_640,0,0,0.0,1,0.0,0.2631403858948769,0.000315891149025,0,0.0
team_641,0,0,0.0,1,0.0,0.2636666666666666,0.0003135644751348,0,0.0
team_642,0,0,0.0,3,6.92828589634115e-05,0.2750347705146036,0.0005822381030256,0,0.0
team_643,0,0,0.0,2,1.5690109126679454e-05,0.2694141689373297,0.0004445239857829,0,0.0
team_644,0,0,0.0,2,2.5683853897510945e-05,0.2712620027434842,0.0004529527089667,0,0.0
team_645,0,0,0.0,1,0.0,0.2636666666666666,0.0003149632280289,0,0.0
team_646,0,0,0.0,1,0.0,0.2643716577540106,0.000318366229556,0,0.0
team_647,0,0,0.0,1,0.0,0.2631403858948769,0.0003151279872189,0,0.0
team_648,0,0,0.0,1,0.0,0.2645484949832776,0.0003182182600146,0,0.0
team_649,0,0,0.0,2,1.600659199450812e-05,0.269047619047619,0.0004419600105357,0,0.0
team_65,0,0,0.0,5,0.0002171847691407,0.2814946619217082,0.0008459419932689,0,0.0
team_650,0,0,0.0,1,0.0,0.2661507402422611,0.0003248916617326,0,0.0
team_651,0,0,0.0,1,0.0,0.2645484949832776,0.0003182182600146,0,0.0
team_652,0,0,0.0,1,0.0,0.2638425617078052,0.0003234627460006,0,0.0
team_653,0,0,0.0,2,2.3777858246978067e-05,0.2695978186775732,0.0004586692947994,0,0.0
team_654,0,0,0.0,1,0.0,0.2629654255319149,0.0003170742961149,0,0.0
team_655,0,0,0.0,3,0.0001194192781011,0.2793079096045198,0.0006012040435324,0,0.0
team_656,0,0,0.0,1,0.0,0.2631403858948769,0.0003222739652765,0,0.0
team_657,0,0,0.0,1,0.0,0.2638425617078052,0.0003233077572016,0,0.0
team_658,0,0,0.0,1,0.0,0.2670492910195813,0.0003332090375989,0,0.0
team_659,0,0,0.0,3,8.0663931432908e-05,0.275609756097561,0.0005890379560693,0,0.0
team_66,0,0,0.0,3,7.581337993484484e-05,0.2754178272980501,0.0005849216597122,0,0.0
team_660,0,0,0.0,3,8.929447516471042e-05,0.2763801537386443,0.0005950415450482,0,0.0
team_661,0,0,0.0,1,0.0,0.2638425617078052,0.0003265962704602,0,0.0
team_662,0,0,0.0,1,0.0,0.2634910059960026,0.0003223780700954,0,0.0
team_663,0,0,0.0,1,0.0,0.2634910059960026,0.0003223780700954,0,0.0
team_664,0,0,0.0,3,7.891867114739907e-05,0.2754178272980501,0.000592137943204,0,0.0
team_665,0,0,0.0,1,0.0,0.2645484949832776,0.0003104551791762,0,0.0
team_666,0,0,0.0,1,0.0,0.2652582159624413,0.0003347615747861,0,0.0
team_667,0,0,0.0,1,0.0,0.2643716577540106,0.0003309066448501,0,0.0
team_668,0,0,0.0,2,2.8258923956309167e-05,0.2718213058419244,0.0004580026708378,0,0.0
team_669,0,0,0.0,1,0.0,0.2636666666666666,0.0003271944922526,0,0.0
team_67,0,0,0.0,2,2.626130897161137e-05,0.2707049965776865,0.0004577518790198,0,0.0
team_670,0,0,0.0,1,0.0,0.2657930107526882,0.000330972871549,0,0.0
team_671,0,0,0.0,1,0.0,0.2636666666666666,0.0003135644751348,0,0.0
team_672,0,0,0.0,3,6.058194783999496e-05,0.2738919667590028,0.0005791471772023,0,0.0
team_673,0,0,0.0,1,0.0,0.2657930107526882,0.000330972871549,0,0.0
team_674,0,0,0.0,2,2.3357802869814743e-05,0.2703349282296651,0.0004547617957155,0,0.0
team_675,0,0,0.0,2,2.3357802869814743e-05,0.2703349282296651,0.0004547617957155,0,0.0
team_676,0,0,0.0,1,0.0,0.2645484949832776,0.000337716281165,0,0.0
team_677,0,0,0.0,1,0.0,0.2631403858948769,0.0003222739652765,0,0.0
team_678,0,0,0.0,1,0.0,0.2624419376244193,0.0003243897260575,0,0.0
team_679,0,0,0.0,1,0.0,0.2633155792276964,0.0003178915420189,0,0.0
team_68,0,0,0.0,2,2.0717310621034697e-05,0.269047619047619,0.0004549413858597,0,0.0
team_680,0,0,0.0,2,3.987549922448172e-05,0.2725706409372846,0.0004629496082576,0,0.0
team_681,0,0,0.0,1,0.0,0.2661507402422611,0.0003248916617326,0,0.0
team_682,0,0,0.0,2,3.368738079807147e-05,0.2716346153846153,0.0004624073630003,0,0.0
team_683,0,0,0.0,1,0.0,0.2643716577540106,0.0003309066448501,0,0.0
team_684,0,0,0.0,1,0.0,0.2654362416107382,0.0003287474182131,0,0.0
team_685,0,0,0.0,1,0.0,0.2638425617078052,0.0003265962704602,0,0.0
team_686,0,0,0.0,1,0.0,0.2649028801071668,0.0003225049484991,0,0.0
team_687,0,0,0.0,2,3.0490310420680247e-05,0.2699658703071672,0.0004648204626579,0,0.0
team_688,0,0,0.0,1,0.0,0.2631403858948769,0.0003222739652765,0,0.0
team_689,0,0,0.0,3,5.52371685875224e-05,0.2740817740817741,0.0005772363156552,0,0.0
team_69,0,0,0.0,2,2.5616741170910128e-05,0.2716346153846153,0.0004541725634301,0,0.0
team_690,0,0,0.0,2,3.844158668244378e-05,0.2712620027434842,0.0004650577446851,0,0.0
team_691,0,0,0.0,3,7.237352121475069e-05,0.275609756097561,0.0005860289630592,0,0.0
team_7,0,0,0.0,1,0.0,0.2661507402422611,0.0003248916617326,0,0.0
team_70,0,0,0.0,2,4.122132498722365e-05,0.2737024221453287,0.0004643785239897,0,0.0
team_71,0,0,0.0,2,1.3702494433293045e-05,0.268499660556687,0.000447526260266,0,0.0
team_72,0,0,0.0,2,4.065104406082378e-05,0.2720082530949106,0.0004683052876756,0,0.0
team_73,0,0,0.0,1,0.0,0.2633155792276964,0.0003199277857645,0,0.0
team_74,0,0,0.0,2,2.233468286183403e-05,0.2695978186775732,0.0004510187545747,0,0.0
team_75,0,0,0.0,1,0.0,0.2638425617078052,0.0003222541566811,0,0.0
team_76,0,0,0.0,1,0.0,0.2638425617078052,0.0003241727892049,0,0.0
team_77,0,0,0.0,2,3.3042119416180435e-05,0.2720082530949106,0.0004618584273183,0,0.0
team_78,0,0,0.0,1,0.0,0.2636666666666666,0.0003271944922526,0,0.0
team_79,0,0,0.0,1,0.0,0.2645484949832776,0.000337716281165,0,0.0
team_8,0,0,0.0,1,0.0,0.2636666666666666,0.0003135644751348,0,0.0
team_80,0,0,0.0,1,0.0,0.2638425617078052,0.0003222541566811,0,0.0
team_81,0,0,0.0,1,0.0,0.2657930107526882,0.000330972871549,0,0.0
team_82,0,0,0.0,2,2.081497838543348e-05,0.2695978186775732,0.0004505167922752,0,0.0
team_83,0,0,0.0,1,0.0,0.2641950567802271,0.000325171206104,0,0.0
team_84,0,0,0.0,1,0.0,0.2643716577540106,0.0003199070193929,0,0.0
team_85,0,0,0.0,2,3.846628399396856e-05,0.2723829201101928,0.0004677313378483,0,0.0
team_86,0,0,0.0,2,1.5661741759954177e-05,0.2694141689373297,0.0004439355181909,0,0.0
team_87,0,0,0.0,1,0.0,0.2641950567802271,0.000325171206104,0,0.0
team_88,0,0,0.0,2,1.5437581739876263e-05,0.269781718963165,0.0004429530033145,0,0.0
team_89,0,0,0.0,1,0.0,0.2649028801071668,0.0003186748410914,0,0.0
team_9,0,0,0.0,1,0.0,0.2633155792276964,0.0003199277857645,0,0.0
team_90,0,0,0.0,1,0.0,0.2645484949832776,0.0003272027857108,0,0.0
team_91,0,0,0.0,1,0.0,0.2650804289544236,0.0003223637024561,0,0.0
team_92,0,0,0.0,1,0.0,0.2641950567802271,0.0003230538841811,0,0.0
team_93,0,0,0.0,1,0.0,0.2652582159624413,0.0003347615747861,0,0.0
team_94,0,0,0.0,2,2.6396118036535525e-05,0.2714481811942347,0.0004539763524095,0,0.0
team_95,0,0,0.0,1,0.0,0.2634910059960026,0.000317104936767,0,0.0
team_96,0,0,0.0,2,2.390017081317652e-05,0.2705198358413133,0.0004526237083907,0,0.0
team_97,0,0,0.0,1,0.0,0.2654362416107382,0.0003287474182131,0,0.0
team_98,0,0,0.0,2,4.571177351977278e-05,0.2729468599033816,0.0004747217430551,0,0.0
team_99,0,0,0.0,1,0.0,0.2641950567802271,0.0003230538841811,0,0.0
